{"cameraMode":{"drawMode":0,"name":"Shaded","section":"Shading Mode"},"sceneLighting":false,"audioPlay":false,"sceneViewState":{"showFog":false,"showMaterialUpdate":false,"showSkybox":false,"showFlares":false,"showImageEffects":false,"showParticleSystems":false},"in2DMode":false,"pivot":{"x":4.160776615142822,"y":0.7410471439361572,"z":-2.878999710083008},"rotation":{"x":0.40446990728378298,"y":-0.001372431986965239,"z":0.0006062954780645669,"w":0.9145539402961731},"size":1.2748808860778809,"orthographic":false}