{"cameraMode":{"drawMode":0,"name":"Shaded","section":"Shading Mode"},"sceneLighting":false,"audioPlay":false,"sceneViewState":{"showFog":false,"showMaterialUpdate":false,"showSkybox":false,"showFlares":false,"showImageEffects":false,"showParticleSystems":false},"in2DMode":false,"pivot":{"x":4.164272308349609,"y":0.9052473306655884,"z":-1.6100001335144044},"rotation":{"x":0.33672505617141726,"y":-0.10981986671686173,"z":0.03957826644182205,"w":0.9343432188034058},"size":3.3508172035217287,"orthographic":false}