{"cameraMode":{"drawMode":0,"name":"Shaded","section":"Shading Mode"},"sceneLighting":false,"audioPlay":false,"sceneViewState":{"showFog":false,"showMaterialUpdate":false,"showSkybox":false,"showFlares":false,"showImageEffects":false,"showParticleSystems":false},"in2DMode":false,"pivot":{"x":10.081310272216797,"y":-0.06070448458194733,"z":7.722972393035889},"rotation":{"x":0.706044614315033,"y":0.0010622496483847499,"z":-0.001059067784808576,"w":0.7081658840179443},"size":7.685195446014404,"orthographic":false}