{"cameraMode":{"drawMode":0,"name":"Shaded","section":"Shading Mode"},"sceneLighting":false,"audioPlay":false,"sceneViewState":{"showFog":false,"showMaterialUpdate":false,"showSkybox":false,"showFlares":false,"showImageEffects":false,"showParticleSystems":false},"in2DMode":false,"pivot":{"x":1.350000023841858,"y":0.0,"z":6.510000228881836},"rotation":{"x":0.6922979950904846,"y":0.0069252438843250278,"z":-0.006641712971031666,"w":0.7215522527694702},"size":8.548274040222168,"orthographic":false}