{"cameraMode":{"drawMode":0,"name":"Shaded","section":"Shading Mode"},"sceneLighting":false,"audioPlay":false,"sceneViewState":{"showFog":false,"showMaterialUpdate":false,"showSkybox":false,"showFlares":false,"showImageEffects":false,"showParticleSystems":false},"in2DMode":false,"pivot":{"x":7.98557710647583,"y":-0.23860740661621095,"z":7.897899150848389},"rotation":{"x":0.7102808952331543,"y":-0.0010558761423453689,"z":0.0010654224315658212,"w":0.7039169073104858},"size":7.99904727935791,"orthographic":false}