{"cameraMode":{"drawMode":0,"name":"Shaded","section":"Shading Mode"},"sceneLighting":false,"audioPlay":false,"sceneViewState":{"showFog":false,"showMaterialUpdate":false,"showSkybox":false,"showFlares":false,"showImageEffects":false,"showParticleSystems":false},"in2DMode":false,"pivot":{"x":4.157756805419922,"y":0.4830470085144043,"z":-3.5097975730895998},"rotation":{"x":0.5893131494522095,"y":-0.035115212202072147,"z":0.0256508719176054,"w":0.8067352771759033},"size":0.4711702764034271,"orthographic":false}